method,sse_mean,sse_stdev,silhouette_mean,silhouette_stdev,quantization_mean,quantization_stdev
K-Means++,22.02436308,0.0,0.422105257,0.0,0.30166461899999997,0.0
PSO,27.08025074,7.395153007999999,0.395904088,0.040273107,0.320625773,0.011036628
PSO Hybrid,22.0707652,0.016732686,0.42212676200000004,0.0,0.301247072,0.00014703899999999999
HSA,25.06040326,5.423698526,0.412854659,0.0,0.321652545,0.012078442
